Time,Team,Operation,BuyVolume,SellVolume,EtfPosition,FuturePosition,EtfPrice,FuturePrice,TotalFees,AccountBalance,ProfitOrLoss,Status
0.0,TraderOne,Tick,0,0,0,0,,,0,0,0,OK
0.219,TraderOne,Tick,0,0,0,0,,,0,0,0,OK
0.516,TraderOne,Tick,0,0,0,0,,,0,0,0,OK
0.766,TraderOne,Tick,0,10,-10,0,147600,,-147,1472147,1472147,OK
0.969,TraderOne,Tick,0,10,-10,10,147600,,-147,1147,1147,OK
1.219,TraderOne,Tick,0,10,-10,10,147600,147100,-147,1147,-853,OK
1.547,TraderOne,Tick,0,10,-10,10,147600,147100,-147,1147,-853,OK
1.75,TraderOne,Tick,0,10,-10,10,147600,147100,-147,1147,-853,OK
2.031,TraderOne,Tick,0,10,-10,10,147600,147100,-147,1147,-853,OK
2.281,TraderOne,Tick,0,10,-10,10,147600,146900,-147,1147,-853,OK
2.469,TraderOne,Tick,0,10,-10,10,147600,146900,-147,1147,-853,OK
2.766,TraderOne,Tick,2,10,-8,8,146400,146900,-176,976,2576,OK
2.984,TraderOne,Tick,2,10,-8,8,146400,146900,-176,976,2576,OK
3.266,TraderOne,Tick,2,10,-8,8,146400,146900,-176,976,2576,OK
3.453,TraderOne,Tick,2,12,-10,10,147500,146900,-205,1005,-995,OK
3.703,TraderOne,Tick,4,12,-8,8,146300,146900,-234,1234,2834,OK
4.0,TraderOne,Tick,4,12,-8,8,146300,146900,-234,1234,2834,OK
4.297,TraderOne,Tick,4,12,-8,8,146300,146900,-234,1234,2834,OK
4.484,TraderOne,Tick,4,12,-8,8,146300,146900,-234,1234,2834,OK
4.766,TraderOne,Tick,6,12,-6,6,146300,146900,-263,1263,2463,OK
5.0,TraderOne,Tick,6,12,-6,6,146300,146900,-263,1263,2463,OK
5.234,TraderOne,Tick,6,12,-6,6,146300,146800,-263,1263,2463,OK
5.516,TraderOne,Tick,6,12,-6,6,146300,146800,-263,1263,2463,OK
5.719,TraderOne,Tick,6,12,-6,6,146300,146800,-263,1263,2463,OK
5.953,TraderOne,Tick,6,14,-8,8,147000,146800,-204,1204,-396,OK
6.234,TraderOne,Tick,6,14,-8,8,147000,146800,-204,1204,-396,OK
6.469,TraderOne,Tick,6,16,-10,10,147000,146800,-145,1745,-255,OK
6.703,TraderOne,Tick,6,18,-12,12,147200,146700,-86,2286,-114,OK
7.031,TraderOne,Tick,6,20,-14,14,147000,146900,-27,2427,1027,OK
7.281,TraderOne,Tick,6,20,-14,14,147000,146900,-27,2427,1027,OK
7.453,TraderOne,Tick,6,20,-14,14,147000,146900,-27,2427,1027,OK
7.719,TraderOne,Tick,6,20,-14,14,147000,146900,-27,2427,1027,OK
7.953,TraderOne,Tick,6,20,-14,14,147000,146900,-27,2427,1027,OK
8.312,TraderOne,Tick,6,20,-14,14,147000,146900,-27,2427,1027,OK
8.453,TraderOne,Tick,6,20,-14,14,147000,146900,-27,2427,1027,OK
8.75,TraderOne,Tick,6,20,-14,14,147000,146900,-27,2427,1027,OK
9.0,TraderOne,Tick,8,22,-14,14,146700,146900,3,2597,5397,OK
9.25,TraderOne,Tick,10,22,-12,12,146400,146900,62,3138,5538,OK
9.562,TraderOne,Tick,12,22,-10,10,146400,146900,121,3679,5679,OK
9.766,TraderOne,Tick,14,22,-8,8,146400,146900,180,3820,5420,OK
9.969,TraderOne,Tick,24,22,2,-2,146400,146900,473,4527,4127,OK
10.281,TraderOne,Tick,26,22,4,-4,146400,146900,532,4868,4068,OK
10.5,TraderOne,Tick,28,22,6,-6,146400,146900,591,5609,4409,OK
10.75,TraderOne,Tick,30,22,8,-8,146400,147000,650,6550,4950,OK
10.984,TraderOne,Tick,30,22,8,-8,147300,147000,650,6550,8150,OK
11.219,TraderOne,Tick,30,22,8,-8,147300,147000,650,6550,8150,OK
11.516,TraderOne,Tick,30,22,8,-8,147300,147000,650,6550,8150,OK
11.734,TraderOne,Tick,30,22,8,-8,147300,147200,650,6550,7350,OK
11.984,TraderOne,Tick,30,24,6,-6,147400,147200,621,6979,8179,OK
12.266,TraderOne,Tick,30,24,6,-6,147400,147200,621,6979,8179,OK
12.547,TraderOne,Tick,30,24,6,-6,147400,147200,621,6979,8179,OK
12.766,TraderOne,Tick,30,24,6,-6,147400,147200,621,6979,8179,OK
13.016,TraderOne,Tick,30,24,6,-6,147400,147200,621,6979,8179,OK
13.25,TraderOne,Tick,32,24,8,-8,146600,147200,592,7008,5408,OK
13.453,TraderOne,Tick,32,24,8,-8,146600,147200,592,7008,5408,OK
13.719,TraderOne,Tick,32,24,8,-8,146600,147200,592,7008,5408,OK
14.0,TraderOne,Tick,32,24,8,-8,146600,147200,592,7008,5408,OK
14.25,TraderOne,Tick,32,24,8,-8,146600,147200,592,7008,5408,OK
14.484,TraderOne,Tick,34,24,10,-10,146900,147200,563,7237,5237,OK
14.719,TraderOne,Tick,34,24,10,-10,146900,147200,563,7237,5237,OK
14.969,TraderOne,Tick,34,24,10,-10,146900,147200,563,7237,5237,OK
15.312,TraderOne,Tick,34,24,10,-10,146900,147200,563,7237,5237,OK
15.547,TraderOne,Tick,34,24,10,-10,146900,146800,563,7237,8237,OK
15.75,TraderOne,Tick,34,24,10,-10,146900,146800,563,7237,8237,OK
16.0,TraderOne,Tick,34,24,10,-10,146900,146900,563,7237,7237,OK
16.281,TraderOne,Tick,34,24,10,-10,146900,146900,563,7237,7237,OK
16.5,TraderOne,Tick,34,24,10,-10,146900,146900,563,7237,7237,OK
16.781,TraderOne,Tick,34,24,10,-10,146900,146900,563,7237,7237,OK
17.016,TraderOne,Tick,34,24,10,-10,146900,146900,563,7237,7237,OK
17.219,TraderOne,Tick,34,24,10,-10,146900,146900,563,7237,7237,OK
17.484,TraderOne,Tick,34,24,10,-10,146900,146900,563,7237,7237,OK
17.719,TraderOne,Tick,36,24,12,-12,146900,146900,622,7378,7378,OK
17.969,TraderOne,Tick,38,24,14,-14,146600,146900,681,7519,4719,OK
18.297,TraderOne,Tick,38,24,14,-14,146600,146900,681,7519,4719,OK
18.516,TraderOne,Tick,38,24,14,-14,146600,147100,681,7519,4719,OK
18.719,TraderOne,Tick,38,24,14,-14,146600,147100,681,7519,4719,OK
18.969,TraderOne,Tick,40,24,16,-16,146900,147100,740,7660,4460,OK
19.297,TraderOne,Tick,40,24,16,-16,146900,147100,740,7660,4460,OK
19.484,TraderOne,Tick,40,24,16,-16,146900,147200,740,7660,4460,OK
19.734,TraderOne,Tick,42,24,18,-18,146900,147200,799,8001,4401,OK
20.0,TraderOne,Tick,44,24,20,-20,146900,147200,858,8342,4342,OK
20.266,TraderOne,Tick,46,24,22,-22,146900,147200,917,9083,4683,OK
20.5,TraderOne,Tick,48,24,24,-24,146900,147900,976,10024,5224,OK
20.75,TraderOne,Tick,50,24,26,-26,147200,147900,1035,11565,6365,OK
20.969,TraderOne,Tick,50,24,26,-26,147500,147900,1035,11565,6365,OK
21.266,TraderOne,Tick,50,24,26,-26,147500,147900,1035,11565,6365,OK
21.547,TraderOne,Tick,52,24,28,-28,147700,147900,1094,11906,6306,OK
21.734,TraderOne,Tick,54,24,30,-30,147700,147900,1153,12247,6247,OK
21.969,TraderOne,Tick,56,24,32,-32,147700,148000,1212,12588,6188,OK
22.297,TraderOne,Tick,58,24,34,-34,147700,148000,1271,12929,6129,OK
22.484,TraderOne,Tick,60,24,36,-36,147700,148100,1330,13670,6470,OK
22.797,TraderOne,Tick,62,24,38,-38,147700,148100,1389,14211,6611,OK
23.0,TraderOne,Tick,64,24,40,-40,147700,148000,1448,14752,6752,OK
23.266,TraderOne,Tick,66,24,42,-42,147700,148000,1507,14893,6493,OK
23.516,TraderOne,Tick,66,24,42,-42,147700,147700,1507,14893,14893,OK
23.781,TraderOne,Tick,66,24,42,-42,147700,147700,1507,14893,14893,OK
23.984,TraderOne,Tick,66,24,42,-42,147600,147700,1507,14893,10693,OK
24.312,TraderOne,Tick,66,24,42,-42,147600,147700,1507,14893,10693,OK
24.531,TraderOne,Tick,66,24,42,-42,147600,147700,1507,14893,10693,OK
24.734,TraderOne,Tick,68,24,44,-44,147700,147700,1566,15234,15234,OK
24.984,TraderOne,Tick,70,24,46,-46,147700,148100,1625,15975,6775,OK
25.219,TraderOne,Tick,72,24,48,-48,147700,148200,1684,16916,7316,OK
25.609,TraderOne,Tick,74,24,50,-50,147700,147900,1743,17457,7457,OK
25.797,TraderOne,Tick,76,24,52,-52,147700,147900,1802,17798,7398,OK
25.984,TraderOne,Tick,78,24,54,-54,147700,147900,1861,18139,7339,OK
26.203,TraderOne,Tick,80,24,56,-56,147700,147900,1920,18480,7280,OK
26.5,TraderOne,Tick,82,24,58,-58,147400,147900,1979,18621,7021,OK
26.766,TraderOne,Tick,84,24,60,-60,147700,147900,2038,18962,6962,OK
27.0,TraderOne,Tick,86,24,62,-62,147700,147900,2097,19303,6903,OK
27.203,TraderOne,Tick,88,24,64,-64,147400,147900,2156,19644,6844,OK
27.516,TraderOne,Tick,90,24,66,-66,147700,147900,2215,19985,6785,OK
27.719,TraderOne,Tick,92,24,68,-68,147700,147900,2274,20326,6726,OK
27.984,TraderOne,Tick,94,24,70,-70,147200,147800,2333,20467,6467,OK
28.219,TraderOne,Tick,94,24,70,-70,147200,147800,2333,20467,6467,OK
28.516,TraderOne,Tick,94,24,70,-70,147700,147800,2333,20467,13467,OK
28.766,TraderOne,Tick,94,24,70,-70,147700,147600,2333,20467,27467,OK
29.031,TraderOne,Tick,94,24,70,-70,147700,147600,2333,20467,27467,OK
29.234,TraderOne,Tick,94,24,70,-70,147700,147600,2333,20467,27467,OK
29.562,TraderOne,Tick,94,24,70,-70,147700,147600,2333,20467,27467,OK
29.797,TraderOne,Tick,94,24,70,-70,147700,147600,2333,20467,27467,OK
30.047,TraderOne,Tick,96,26,70,-70,147100,147600,2274,20926,6926,OK
30.266,TraderOne,Tick,98,26,72,-72,147000,147600,2333,21467,7067,OK
30.516,TraderOne,Tick,100,26,74,-74,147000,147600,2392,21808,7008,OK
30.75,TraderOne,Tick,102,26,76,-76,147000,147400,2451,22149,6949,OK
30.984,TraderOne,Tick,104,26,78,-78,147000,147400,2510,22690,7090,OK
31.234,TraderOne,Tick,106,26,80,-80,147000,147400,2569,23431,7431,OK
31.516,TraderOne,Tick,108,26,82,-82,147000,147400,2628,24172,7772,OK
31.75,TraderOne,Tick,108,26,82,-82,147000,147400,2628,24172,7772,OK
32.0,TraderOne,Tick,110,26,84,-84,147000,147400,2598,24402,7602,OK
32.25,TraderOne,Tick,110,26,84,-84,147000,147400,2598,24402,7602,OK
32.5,TraderOne,Tick,110,26,84,-84,147000,147400,2598,24402,7602,OK
32.734,TraderOne,Tick,110,26,84,-84,147000,147600,2598,24402,7602,OK
33.016,TraderOne,Tick,110,26,84,-84,147000,147600,2598,24402,7602,OK
33.234,TraderOne,Tick,110,26,84,-84,147000,147600,2598,24402,7602,OK
33.516,TraderOne,Tick,110,26,84,-84,147000,147600,2598,24402,7602,OK
33.781,TraderOne,Tick,112,26,86,-86,146900,147600,2569,24631,7431,OK
33.969,TraderOne,Tick,112,26,86,-86,146900,147600,2569,24631,7431,OK
34.266,TraderOne,Tick,112,26,86,-86,146900,147200,2569,24631,7431,OK
34.516,TraderOne,Tick,112,26,86,-86,146900,147200,2569,24631,7431,OK
34.719,TraderOne,Tick,112,26,86,-86,146900,147200,2569,24631,7431,OK
34.953,TraderOne,Tick,114,26,88,-88,146900,147200,2540,25060,7460,OK
35.281,TraderOne,Tick,114,26,88,-88,146900,147300,2540,25060,7460,OK
35.547,TraderOne,Tick,116,26,90,-90,147100,147200,2599,25201,16201,OK
35.734,TraderOne,Tick,116,26,90,-90,147100,147000,2599,25201,34201,OK
36.016,TraderOne,Tick,116,26,90,-90,147100,147000,2599,25201,34201,OK
36.219,TraderOne,Tick,116,26,90,-90,147100,147000,2599,25201,34201,OK
36.469,TraderOne,Tick,116,26,90,-90,147100,147000,2599,25201,34201,OK
36.766,TraderOne,Tick,116,26,90,-90,147100,147000,2599,25201,34201,OK
37.0,TraderOne,Tick,116,26,90,-90,147100,147000,2599,25201,34201,OK
37.25,TraderOne,Tick,116,26,90,-90,147100,147000,2599,25201,34201,OK
37.453,TraderOne,Tick,116,26,90,-90,147100,147300,2599,25201,7201,OK
37.734,TraderOne,Tick,116,26,90,-90,147100,147300,2599,25201,7201,OK
37.953,TraderOne,Tick,116,26,90,-90,147100,147300,2599,25201,7201,OK
38.25,TraderOne,Tick,116,26,90,-90,147100,147300,2599,25201,7201,OK
38.531,TraderOne,Tick,116,26,90,-90,147100,147300,2599,25201,7201,OK
38.797,TraderOne,Tick,116,26,90,-90,147100,147300,2599,25201,7201,OK
38.969,TraderOne,Tick,116,26,90,-90,147100,147300,2599,25201,7201,OK
39.297,TraderOne,Tick,118,26,92,-92,147500,147300,2570,25430,43830,OK
39.484,TraderOne,Tick,118,28,90,-90,147800,147300,2540,25660,43660,OK
39.781,TraderOne,Tick,118,28,90,-90,147800,147300,2540,25660,43660,OK
40.016,TraderOne,Tick,118,28,90,-90,147800,147300,2540,25660,43660,OK
40.281,TraderOne,Tick,118,28,90,-90,147800,147300,2540,25660,43660,OK
40.531,TraderOne,Tick,118,30,88,-88,147900,147300,2510,26090,43690,OK
40.734,TraderOne,Tick,118,30,88,-88,147900,147300,2510,26090,43690,OK
41.047,TraderOne,Tick,118,30,88,-88,147900,147300,2510,26090,43690,OK
41.219,TraderOne,Tick,118,30,88,-88,147900,147300,2510,26090,43690,OK
41.469,TraderOne,Tick,118,30,88,-88,147900,147300,2510,26090,43690,OK
41.75,TraderOne,Tick,118,30,88,-88,147900,147300,2510,26090,43690,OK
41.984,TraderOne,Tick,118,30,88,-88,147900,147300,2510,26090,43690,OK
42.219,TraderOne,Tick,118,32,86,-86,147700,147200,2480,26320,43520,OK
42.547,TraderOne,Tick,118,32,86,-86,147700,147200,2480,26320,43520,OK
42.797,TraderOne,Tick,118,32,86,-86,147700,147200,2480,26320,43520,OK
42.969,TraderOne,Tick,118,32,86,-86,147700,147200,2480,26320,43520,OK
43.281,TraderOne,Tick,118,32,86,-86,147700,147200,2480,26320,43520,OK
43.484,TraderOne,Tick,118,32,86,-86,147700,147200,2480,26320,43520,OK
43.734,TraderOne,Tick,118,32,86,-86,147700,147400,2480,26320,43520,OK
44.031,TraderOne,Tick,118,32,86,-86,147700,147400,2480,26320,43520,OK
44.266,TraderOne,Tick,118,32,86,-86,147700,147400,2480,26320,43520,OK
44.5,TraderOne,Tick,118,32,86,-86,147700,147400,2480,26320,43520,OK
44.766,TraderOne,Tick,118,32,86,-86,147700,147400,2480,26320,43520,OK
45.047,TraderOne,Tick,118,32,86,-86,147700,147400,2480,26320,43520,OK
45.312,TraderOne,Tick,118,32,86,-86,147700,147500,2480,26320,43520,OK
45.547,TraderOne,Tick,118,32,86,-86,147700,147500,2480,26320,43520,OK
45.766,TraderOne,Tick,118,32,86,-86,147700,147500,2480,26320,43520,OK
46.031,TraderOne,Tick,118,32,86,-86,147700,147500,2480,26320,43520,OK
46.266,TraderOne,Tick,118,32,86,-86,147700,147500,2480,26320,43520,OK
46.469,TraderOne,Tick,118,32,86,-86,147700,147500,2480,26320,43520,OK
46.719,TraderOne,Tick,118,32,86,-86,147700,147500,2480,26320,43520,OK
46.984,TraderOne,Tick,118,34,84,-84,147400,147500,2539,26661,18261,OK
47.297,TraderOne,Tick,118,36,82,-82,147400,147500,2598,26802,18602,OK
47.531,TraderOne,Tick,118,38,80,-80,147400,147500,2657,26943,18943,OK
47.781,TraderOne,Tick,118,38,80,-80,147700,147500,2657,26943,42943,OK
48.047,TraderOne,Tick,118,38,80,-80,147700,147500,2657,26943,42943,OK
48.25,TraderOne,Tick,118,40,78,-78,147100,147500,2716,27084,11484,OK
48.5,TraderOne,Tick,118,40,78,-78,147100,147500,2716,27084,11484,OK
48.75,TraderOne,Tick,118,40,78,-78,147100,147500,2716,27084,11484,OK
48.969,TraderOne,Tick,118,40,78,-78,147100,147500,2716,27084,11484,OK
49.25,TraderOne,Tick,118,40,78,-78,147100,147500,2716,27084,11484,OK
49.5,TraderOne,Tick,118,40,78,-78,147100,147500,2716,27084,11484,OK
49.703,TraderOne,Tick,118,40,78,-78,147100,147500,2716,27084,11484,OK
49.953,TraderOne,Tick,118,40,78,-78,147100,147500,2716,27084,11484,OK
50.266,TraderOne,Tick,118,40,78,-78,147100,147500,2716,27084,11484,OK
50.5,TraderOne,Tick,118,42,76,-76,147900,147500,2686,27514,42714,OK
50.734,TraderOne,Tick,118,42,76,-76,147900,147500,2686,27514,42714,OK
50.984,TraderOne,Tick,118,42,76,-76,147900,147500,2686,27514,42714,OK
51.266,TraderOne,Tick,118,42,76,-76,147900,147500,2686,27514,42714,OK
51.547,TraderOne,Tick,118,42,76,-76,147900,147500,2686,27514,42714,OK
51.812,TraderOne,Tick,118,42,76,-76,147900,147500,2686,27514,42714,OK
52.0,TraderOne,Tick,118,42,76,-76,147900,147300,2686,27514,42714,OK
52.203,TraderOne,Tick,118,42,76,-76,147900,147300,2686,27514,42714,OK
52.531,TraderOne,Tick,118,42,76,-76,147900,147300,2686,27514,42714,OK
52.766,TraderOne,Tick,118,42,76,-76,147900,147300,2686,27514,42714,OK
53.0,TraderOne,Tick,118,42,76,-76,147900,147300,2686,27514,42714,OK
53.266,TraderOne,Tick,118,42,76,-76,147900,147300,2686,27514,42714,OK
53.531,TraderOne,Tick,118,42,76,-76,147900,147300,2686,27514,42714,OK
53.797,TraderOne,Tick,118,42,76,-76,147900,147300,2686,27514,42714,OK
54.0,TraderOne,Tick,118,44,74,-76,147900,147300,2656,322944,43144,OK
54.281,TraderOne,Tick,118,44,74,-74,147900,147200,2656,27744,42544,OK
54.469,TraderOne,Tick,118,44,74,-74,147900,147200,2656,27744,42544,OK
54.734,TraderOne,Tick,118,44,74,-74,147900,147200,2656,27744,42544,OK
54.984,TraderOne,Tick,118,44,74,-74,147900,147200,2656,27744,42544,OK
55.219,TraderOne,Tick,118,44,74,-74,147900,147300,2656,27744,42544,OK
55.516,TraderOne,Tick,118,44,74,-74,147300,146900,2656,27744,42544,OK
55.766,TraderOne,Tick,118,46,72,-72,147100,146900,2715,27885,42285,OK
55.953,TraderOne,Tick,118,46,72,-72,147100,146900,2715,27885,42285,OK
56.25,TraderOne,Tick,118,46,72,-72,147100,147100,2715,27885,27885,OK
56.531,TraderOne,Tick,118,46,72,-72,147100,147100,2715,27885,27885,OK
56.703,TraderOne,Tick,118,46,72,-72,147100,147100,2715,27885,27885,OK
56.984,TraderOne,Tick,118,48,70,-70,147100,147100,2774,28026,28026,OK
57.266,TraderOne,Tick,118,50,68,-68,147100,147100,2833,28367,28367,OK
57.516,TraderOne,Tick,118,52,66,-66,147100,146800,2892,28708,41908,OK
57.75,TraderOne,Tick,118,54,64,-64,147100,146600,2951,29449,42249,OK
58.0,TraderOne,Tick,118,56,62,-62,147100,146600,3010,30190,42590,OK
58.219,TraderOne,Tick,118,58,60,-60,147100,146600,3069,30931,42931,OK
58.531,TraderOne,Tick,118,60,58,-58,147100,146700,3128,31672,43272,OK
58.812,TraderOne,Tick,118,62,56,-56,147000,146700,3187,31813,43013,OK
58.969,TraderOne,Tick,118,64,54,-54,147000,146700,3246,32354,43154,OK
59.219,TraderOne,Tick,118,66,52,-52,147000,146700,3305,32895,43295,OK
59.469,TraderOne,Tick,118,68,50,-50,147000,146500,3364,33636,43636,OK
59.766,TraderOne,Tick,118,70,48,-48,147000,146500,3423,34377,43977,OK
60.062,TraderOne,Tick,118,72,46,-46,147000,146500,3482,35118,44318,OK
60.266,TraderOne,Tick,118,74,44,-44,147000,146700,3541,35659,44459,OK
60.5,TraderOne,Tick,118,76,42,-42,147000,146700,3600,35800,44200,OK
60.719,TraderOne,Tick,118,78,40,-40,146900,146600,3658,36042,44042,OK
61.016,TraderOne,Tick,118,80,38,-38,146900,146500,3717,36583,44183,OK
61.219,TraderOne,Tick,118,82,36,-36,146900,146500,3776,36924,44124,OK
61.469,TraderOne,Tick,118,84,34,-34,146900,146500,3835,37265,44065,OK
61.719,TraderOne,Tick,118,86,32,-32,146900,146500,3894,37806,44206,OK
62.0,TraderOne,Tick,118,88,30,-30,146900,146500,3953,38347,44347,OK
62.281,TraderOne,Tick,118,90,28,-28,146900,146300,4012,38888,44488,OK
62.516,TraderOne,Tick,118,92,26,-26,146700,146300,4071,40029,45229,OK
62.766,TraderOne,Tick,118,94,24,-24,146700,146300,4130,40770,45570,OK
63.062,TraderOne,Tick,118,96,22,-22,146700,146300,4189,41311,45711,OK
63.219,TraderOne,Tick,118,98,20,-20,146700,146300,4248,41852,45852,OK
63.484,TraderOne,Tick,118,100,18,-18,146700,146300,4307,42393,45993,OK
63.75,TraderOne,Tick,118,102,16,-16,146700,146300,4366,42734,45934,OK
63.969,TraderOne,Tick,118,104,14,-14,146700,146300,4425,43075,45875,OK
64.25,TraderOne,Tick,118,104,14,-14,146700,146300,4425,43075,45875,OK
64.453,TraderOne,Tick,118,104,14,-14,146700,146300,4425,43075,45875,OK
64.75,TraderOne,Tick,118,104,14,-14,146700,146300,4425,43075,45875,OK
64.953,TraderOne,Tick,118,104,14,-14,146700,146300,4425,43075,45875,OK
65.219,TraderOne,Tick,118,104,14,-14,146700,146900,4425,43075,40275,OK
65.531,TraderOne,Tick,118,104,14,-14,146700,146900,4425,43075,40275,OK
65.797,TraderOne,Tick,118,104,14,-14,146700,146900,4425,43075,40275,OK
66.031,TraderOne,Tick,120,104,16,-16,146500,146900,4396,43104,39904,OK
66.266,TraderOne,Tick,120,104,16,-16,146500,146900,4396,43104,39904,OK
66.516,TraderOne,Tick,120,106,14,-14,147300,146900,4367,43333,46133,OK
66.797,TraderOne,Tick,122,106,16,-16,146500,146900,4338,43562,40362,OK
67.047,TraderOne,Tick,122,106,16,-16,146500,146900,4338,43562,40362,OK
67.266,TraderOne,Tick,122,106,16,-16,146500,146900,4338,43562,40362,OK
67.531,TraderOne,Tick,122,106,16,-16,146500,146900,4338,43562,40362,OK
67.734,TraderOne,Tick,122,106,16,-16,146500,146900,4338,43562,40362,OK
68.047,TraderOne,Tick,122,106,16,-16,146500,146900,4338,43562,40362,OK
68.234,TraderOne,Tick,122,108,14,-14,146900,146900,4309,43591,43591,OK
68.5,TraderOne,Tick,124,110,14,-14,146500,146900,4339,44361,41561,OK
68.75,TraderOne,Tick,124,110,14,-14,146500,147200,4339,44361,41561,OK
69.031,TraderOne,Tick,124,110,14,-14,146500,147200,4339,44361,41561,OK
69.266,TraderOne,Tick,124,112,12,-12,147500,147200,4310,44390,46790,OK
69.547,TraderOne,Tick,124,112,12,-12,147500,147200,4310,44390,46790,OK
69.766,TraderOne,Tick,124,112,12,-12,147500,147300,4310,44390,46790,OK
70.062,TraderOne,Tick,124,112,12,-12,147500,147300,4310,44390,46790,OK
70.219,TraderOne,Tick,124,112,12,-12,147500,147300,4310,44390,46790,OK
70.5,TraderOne,Tick,124,112,12,-12,147500,147300,4310,44390,46790,OK
70.734,TraderOne,Tick,126,112,14,-14,146400,147300,4281,44619,41819,OK
71.0,TraderOne,Tick,126,112,14,-14,146400,147300,4281,44619,41819,OK
71.203,TraderOne,Tick,126,112,14,-14,146400,147300,4281,44619,41819,OK
71.469,TraderOne,Tick,126,112,14,-14,146400,147300,4281,44619,41819,OK
71.703,TraderOne,Tick,126,112,14,-14,146400,147300,4281,44619,41819,OK
72.031,TraderOne,Tick,126,112,14,-14,146400,147300,4281,44619,41819,OK
72.297,TraderOne,Tick,126,112,14,-14,146400,147300,4281,44619,41819,OK
72.469,TraderOne,Tick,126,116,10,-12,147500,147300,4311,339589,46989,OK
72.812,TraderOne,Tick,126,118,8,-10,147600,147300,4370,339730,46730,OK
73.0,TraderOne,Tick,126,118,8,-10,147600,147300,4370,339730,46730,OK
73.266,TraderOne,Tick,126,120,6,-8,147500,147300,4429,339871,46471,OK
73.484,TraderOne,Tick,126,122,4,-6,147600,147200,4488,340012,46412,OK
73.766,TraderOne,Tick,126,124,2,-4,147500,147200,4547,340153,46153,OK
74.062,TraderOne,Tick,126,124,2,-4,147500,147200,4547,340153,46153,OK
74.266,TraderOne,Tick,126,124,2,-4,147500,147200,4547,340153,46153,OK
74.516,TraderOne,Tick,126,126,0,-2,147500,147200,4606,340294,45894,OK
74.719,TraderOne,Tick,126,128,-2,0,147500,147200,4665,340435,45635,OK
75.047,TraderOne,Tick,126,130,-4,2,147500,147200,4724,340376,45176,OK
75.219,TraderOne,Tick,126,132,-6,4,147500,147400,4783,340317,44917,OK
75.531,TraderOne,Tick,126,134,-8,6,147500,147400,4842,340458,44858,OK
75.703,TraderOne,Tick,126,134,-8,6,147500,147400,4842,340458,44858,OK
76.047,TraderOne,Tick,126,136,-10,8,147500,147400,4901,340599,44799,OK
76.25,TraderOne,Tick,126,138,-12,10,147500,147400,4960,340740,44740,OK
76.531,TraderOne,Tick,126,138,-12,10,147500,147500,4960,340740,45740,OK
76.766,TraderOne,Tick,126,138,-12,10,147500,147600,4960,340740,46740,OK
77.0,TraderOne,Tick,126,138,-12,10,147500,147600,4960,340740,46740,OK
77.25,TraderOne,Tick,126,140,-14,12,147500,147600,5019,340881,47081,OK
77.453,TraderOne,Tick,126,142,-16,14,147500,147600,5078,341022,47422,OK
77.766,TraderOne,Tick,126,144,-18,16,147500,147600,5137,341163,47763,OK
78.047,TraderOne,Tick,126,144,-18,16,147500,147600,5137,341163,47763,OK
78.281,TraderOne,Tick,126,144,-18,16,147500,147600,5137,341163,47763,OK
78.5,TraderOne,Tick,126,144,-18,16,147500,147600,5137,341163,47763,OK
78.797,TraderOne,Tick,126,144,-18,16,147500,147600,5137,341163,47763,OK
78.969,TraderOne,Tick,126,144,-18,16,147500,147600,5137,341163,47763,OK
79.297,TraderOne,Tick,128,144,-16,14,147400,147600,5196,341504,49504,OK
79.516,TraderOne,Tick,130,144,-14,12,147400,147600,5255,341845,49445,OK
79.781,TraderOne,Tick,132,144,-12,10,147600,148500,5314,342586,47986,OK
80.047,TraderOne,Tick,134,144,-10,8,147900,148400,5373,343727,48927,OK
80.266,TraderOne,Tick,136,144,-8,6,147900,148400,5432,344268,49068,OK
80.516,TraderOne,Tick,138,144,-6,4,147900,148400,5491,345009,49409,OK
80.797,TraderOne,Tick,140,144,-4,2,147900,148400,5550,345550,49550,OK
81.047,TraderOne,Tick,142,144,-2,0,147900,148400,5609,346291,49891,OK
81.219,TraderOne,Tick,144,144,0,-2,147900,148300,5668,347032,50432,OK
81.469,TraderOne,Tick,146,144,2,-4,147900,148400,5727,347573,50373,OK
81.734,TraderOne,Tick,148,144,4,-6,148100,148400,5786,348314,50714,OK
81.953,TraderOne,Tick,150,144,6,-8,148000,148400,5845,349055,51055,OK
82.281,TraderOne,Tick,152,144,8,-10,148100,148400,5904,349796,51396,OK
82.5,TraderOne,Tick,154,144,10,-12,148200,148800,5963,350737,51137,OK
82.719,TraderOne,Tick,156,144,12,-14,148300,148800,6022,351478,51478,OK
83.016,TraderOne,Tick,158,144,14,-16,148300,148800,6081,352019,51619,OK
83.297,TraderOne,Tick,160,144,16,-18,148400,148800,6141,352659,51859,OK
83.516,TraderOne,Tick,162,144,18,-20,148400,148800,6200,353400,52200,OK
83.719,TraderOne,Tick,164,144,20,-22,148400,148800,6259,354141,52541,OK
84.031,TraderOne,Tick,166,144,22,-24,148400,149000,6318,354882,52482,OK
84.312,TraderOne,Tick,168,144,24,-26,148500,149000,6377,355623,52823,OK
84.484,TraderOne,Tick,170,144,26,-28,148500,149000,6436,356364,53164,OK
84.734,TraderOne,Tick,172,144,28,-30,148500,149200,6495,357105,53105,OK
84.953,TraderOne,Tick,174,144,30,-32,148600,149200,6554,358246,53846,OK
85.25,TraderOne,Tick,176,144,32,-34,148600,149200,6614,358586,53786,OK
85.469,TraderOne,Tick,178,144,34,-36,148800,149200,6674,359126,53926,OK
85.719,TraderOne,Tick,180,144,36,-38,148800,149200,6734,359666,54066,OK
86.016,TraderOne,Tick,182,144,38,-40,148900,149600,6794,360606,53806,OK
86.281,TraderOne,Tick,184,144,40,-42,149300,149600,6854,360946,53746,OK
86.516,TraderOne,Tick,186,144,42,-44,149600,149700,6914,361486,57886,OK
86.75,TraderOne,Tick,186,144,42,-44,149600,149600,6914,361486,62286,OK
87.0,TraderOne,Tick,186,144,42,-44,149600,149600,6914,361486,62286,OK
87.234,TraderOne,Tick,186,144,42,-44,149600,149600,6914,361486,62286,OK
87.516,TraderOne,Tick,186,144,42,-44,149600,149700,6914,361486,57886,OK
87.812,TraderOne,Tick,186,144,42,-44,149600,149500,6914,361486,66686,OK
88.016,TraderOne,Tick,186,144,42,-44,149600,149500,6914,361486,66686,OK
88.266,TraderOne,Tick,186,144,42,-44,149600,149500,6914,361486,66686,OK
88.484,TraderOne,Tick,186,144,42,-44,149600,149500,6914,361486,66686,OK
88.75,TraderOne,Tick,186,144,42,-44,149600,149200,6914,361486,71486,OK
89.016,TraderOne,Tick,186,144,42,-44,149600,149100,6914,361486,71686,OK
89.266,TraderOne,Tick,186,144,42,-44,149600,149100,6914,361486,71686,OK
89.562,TraderOne,Tick,186,144,42,-44,149600,148900,6914,361486,72086,OK
89.797,TraderOne,Tick,186,144,42,-44,149600,148900,6914,361486,72086,OK
89.969,TraderOne,Tick,186,144,42,-44,149600,148900,6914,361486,72086,OK
90.281,TraderOne,Tick,186,144,42,-44,149600,149100,6914,361486,71686,OK
90.547,TraderOne,Tick,186,144,42,-44,149600,149100,6914,361486,71686,OK
90.766,TraderOne,Tick,186,144,42,-44,149600,149100,6914,361486,71686,OK
91.016,TraderOne,Tick,186,146,40,-42,149200,149100,6884,361716,67516,OK
91.281,TraderOne,Tick,186,148,38,-40,149400,149100,6944,362256,71656,OK
91.484,TraderOne,Tick,186,150,36,-38,149400,148900,7004,362996,72396,OK
91.719,TraderOne,Tick,186,152,34,-36,149600,148900,7064,363736,72736,OK
92.0,TraderOne,Tick,186,154,32,-34,149500,148900,7124,364476,73076,OK
92.281,TraderOne,Tick,188,156,32,-34,148500,148900,7154,365446,61246,OK
92.453,TraderOne,Tick,188,156,32,-34,148500,148900,7154,365446,61246,OK
92.75,TraderOne,Tick,188,156,32,-34,148500,148900,7154,365446,61246,OK
92.969,TraderOne,Tick,188,156,32,-34,148500,149200,7154,365446,60646,OK
93.219,TraderOne,Tick,188,156,32,-34,148500,149200,7154,365446,60646,OK
93.484,TraderOne,Tick,188,156,32,-34,148500,149200,7154,365446,60646,OK
93.75,TraderOne,Tick,188,156,32,-34,148500,149200,7154,365446,60646,OK
94.047,TraderOne,Tick,188,156,32,-34,148500,149200,7154,365446,60646,OK
94.219,TraderOne,Tick,188,156,32,-34,148500,149200,7154,365446,60646,OK
94.516,TraderOne,Tick,188,156,32,-34,148500,149200,7154,365446,60646,OK
94.766,TraderOne,Tick,188,156,32,-34,148500,149200,7154,365446,60646,OK
95.0,TraderOne,Tick,188,156,32,-34,148500,149200,7154,365446,60646,OK
95.234,TraderOne,Tick,188,156,32,-34,148500,149200,7154,365446,60646,OK
95.531,TraderOne,Tick,188,156,32,-34,148500,149200,7154,365446,60646,OK
95.734,TraderOne,Tick,188,156,32,-34,148500,149200,7154,365446,60646,OK
96.062,TraderOne,Tick,188,156,32,-34,148500,149200,7154,365446,60646,OK
96.219,TraderOne,Tick,188,156,32,-34,148500,149200,7154,365446,60646,OK
96.469,TraderOne,Tick,188,156,32,-34,148500,149200,7154,365446,60646,OK
96.703,TraderOne,Tick,188,156,32,-34,148500,149200,7154,365446,60646,OK
96.953,TraderOne,Tick,188,156,32,-34,148500,149200,7154,365446,60646,OK
97.219,TraderOne,Tick,188,156,32,-34,148500,149200,7154,365446,60646,OK
97.5,TraderOne,Tick,190,156,34,-36,149800,149600,7124,365676,73276,OK
97.703,TraderOne,Tick,190,156,34,-36,149800,149600,7124,365676,73276,OK
98.0,TraderOne,Tick,190,156,34,-36,149800,149900,7124,365676,62476,OK
98.234,TraderOne,Tick,190,156,34,-36,149800,149800,7124,365676,66076,OK
98.453,TraderOne,Tick,192,156,36,-36,149200,149800,7094,66506,55706,OK
98.797,TraderOne,Tick,192,156,36,-38,149800,149800,7094,365906,66306,OK
99.031,TraderOne,Tick,192,156,36,-38,149800,149900,7094,365906,62506,OK
99.25,TraderOne,Tick,192,156,36,-38,149800,150100,7094,365906,54906,OK
99.453,TraderOne,Tick,194,156,38,-40,149800,150100,7154,366246,54646,OK
99.703,TraderOne,Tick,194,156,38,-40,149800,150000,7154,366246,58646,OK
100.062,TraderOne,Tick,196,156,40,-42,149900,149900,7214,366586,66786,OK
100.25,TraderOne,Tick,196,156,40,-42,149900,149900,7214,366586,66786,OK
100.516,TraderOne,Tick,196,156,40,-42,149900,149900,7214,366586,66786,OK
100.766,TraderOne,Tick,196,156,40,-42,149900,149900,7214,366586,66786,OK
101.062,TraderOne,Tick,196,156,40,-42,149900,149900,7214,366586,66786,OK
101.25,TraderOne,Tick,196,156,40,-42,149900,149900,7214,366586,66786,OK
101.469,TraderOne,Tick,198,156,42,-44,149400,150100,7184,366816,54016,OK
101.75,TraderOne,Tick,200,156,44,-46,149900,150100,7244,366956,57956,OK
101.953,TraderOne,Tick,200,156,44,-46,149900,150100,7244,366956,57956,OK
102.219,TraderOne,Tick,202,156,46,-48,149900,150100,7304,367296,57896,OK
102.516,TraderOne,Tick,204,156,48,-50,149900,150300,7364,367636,52636,OK
102.703,TraderOne,Tick,206,156,50,-52,149900,150300,7424,368176,52576,OK
102.969,TraderOne,Tick,208,156,52,-54,149900,150300,7484,368716,52516,OK
103.234,TraderOne,Tick,210,156,54,-56,149900,150300,7544,369256,52456,OK
103.547,TraderOne,Tick,212,156,56,-58,149900,150300,7604,369796,52396,OK
103.75,TraderOne,Tick,212,156,56,-58,149900,150300,7604,369796,52396,OK
103.969,TraderOne,Tick,212,156,56,-58,149900,150400,7604,369796,52196,OK
104.234,TraderOne,Tick,212,156,56,-58,149900,150400,7604,369796,52196,OK
104.531,TraderOne,Tick,212,156,56,-58,149900,150200,7604,369796,52596,OK
104.781,TraderOne,Tick,212,156,56,-58,149900,150200,7604,369796,52596,OK
104.953,TraderOne,Tick,212,156,56,-58,149900,150200,7604,369796,52596,OK
105.266,TraderOne,Tick,212,156,56,-58,149900,150200,7604,369796,52596,OK
105.5,TraderOne,Tick,212,156,56,-58,149900,150200,7604,369796,52596,OK
105.734,TraderOne,Tick,212,156,56,-58,149900,150200,7604,369796,52596,OK
105.969,TraderOne,Tick,212,156,56,-58,149900,150300,7604,369796,52396,OK
106.266,TraderOne,Tick,212,156,56,-58,149900,150500,7604,369796,51996,OK
106.484,TraderOne,Tick,214,156,58,-60,150200,150500,7664,370136,51736,OK
106.75,TraderOne,Tick,216,156,60,-62,150200,150400,7724,370476,57676,OK
107.031,TraderOne,Tick,216,156,60,-62,150200,150300,7724,370476,63876,OK
107.25,TraderOne,Tick,216,156,60,-62,150200,150300,7724,370476,63876,OK
107.516,TraderOne,Tick,216,156,60,-62,150200,150400,7724,370476,57676,OK
107.797,TraderOne,Tick,218,156,62,-64,150200,150400,7784,370816,57616,OK
107.969,TraderOne,Tick,218,156,62,-64,150200,150400,7784,370816,57616,OK
108.234,TraderOne,Tick,218,156,62,-64,150200,150300,7784,370816,64016,OK
108.5,TraderOne,Tick,218,156,62,-64,150200,150100,7784,370816,76816,OK
108.719,TraderOne,Tick,218,156,62,-64,150200,150100,7784,370816,76816,OK
109.031,TraderOne,Tick,220,156,64,-66,149600,150100,7754,371046,51646,OK
109.281,TraderOne,Tick,220,156,64,-66,149600,150100,7754,371046,51646,OK
109.469,TraderOne,Tick,220,156,64,-66,149600,150100,7754,371046,51646,OK
109.719,TraderOne,Tick,220,156,64,-66,149600,150100,7754,371046,51646,OK
110.0,TraderOne,Tick,220,156,64,-66,149600,150100,7754,371046,51646,OK
110.25,TraderOne,Tick,220,156,64,-66,150200,150500,7754,371046,50846,OK
110.5,TraderOne,Tick,222,156,66,-68,150200,150500,7814,371386,50586,OK
110.766,TraderOne,Tick,224,156,68,-70,150200,150700,7874,371926,50126,OK
111.016,TraderOne,Tick,226,156,70,-72,150200,150600,7934,372666,50466,OK
111.219,TraderOne,Tick,228,156,72,-74,150200,150600,7994,373406,50606,OK
111.484,TraderOne,Tick,230,156,74,-76,150200,150600,8054,374146,50746,OK
111.766,TraderOne,Tick,232,156,76,-78,150100,150600,8114,374686,50686,OK
112.016,TraderOne,Tick,234,156,78,-80,150200,150600,8174,375226,50626,OK
112.234,TraderOne,Tick,236,156,80,-82,150200,150500,8234,375766,50766,OK
112.516,TraderOne,Tick,238,156,82,-84,150200,150400,8294,376106,58906,OK
112.766,TraderOne,Tick,240,156,84,-86,150200,150500,8354,376446,50246,OK
113.062,TraderOne,Tick,242,156,86,-88,150200,150700,8414,377186,49986,OK
113.312,TraderOne,Tick,244,156,88,-90,150500,150600,8384,377216,67216,OK
113.469,TraderOne,Tick,244,156,88,-90,150500,150500,8384,377216,76216,OK
113.75,TraderOne,Tick,244,156,88,-90,150500,150500,8384,377216,76216,OK
114.062,TraderOne,Tick,246,156,90,-92,150500,150500,8444,377356,76356,OK
114.297,TraderOne,Tick,248,156,92,-94,150500,150600,8504,377496,67096,OK
114.453,TraderOne,Tick,248,156,92,-94,150500,150500,8504,377496,76496,OK
114.734,TraderOne,Tick,248,156,92,-94,150500,150500,8504,377496,76496,OK
115.0,TraderOne,Tick,248,156,92,-94,150500,150900,8504,377496,48096,OK
115.266,TraderOne,Tick,250,156,94,-94,150100,150500,8474,76526,48326,OK
115.531,TraderOne,Tick,250,156,94,-96,150100,150500,8474,377126,47926,OK
115.812,TraderOne,Tick,250,156,94,-96,150100,150500,8474,377126,47926,OK
116.0,TraderOne,Tick,250,156,94,-96,150100,150400,8474,377126,48126,OK
116.234,TraderOne,Tick,250,158,92,-94,150600,150500,8444,377156,85356,OK
116.5,TraderOne,Tick,250,158,92,-94,150600,150800,8444,377156,57156,OK
116.75,TraderOne,Tick,250,158,92,-94,150600,150800,8444,377156,57156,OK
116.969,TraderOne,Tick,252,158,94,-96,150000,150500,8414,377386,48186,OK
117.297,TraderOne,Tick,252,158,94,-96,150000,150300,8414,377386,48586,OK
117.484,TraderOne,Tick,252,158,94,-96,150000,150300,8414,377386,48586,OK
117.719,TraderOne,Tick,252,158,94,-96,150000,150300,8414,377386,48586,OK
118.031,TraderOne,Tick,252,158,94,-96,150000,150300,8414,377386,48586,OK
118.281,TraderOne,Tick,252,160,92,-96,150500,150500,8384,678416,76416,OK
118.5,TraderOne,Tick,252,160,92,-94,150500,150500,8384,377416,76416,OK
118.75,TraderOne,Tick,252,160,92,-94,150500,150400,8384,377416,85816,OK
119.0,TraderOne,Tick,252,162,90,-92,150500,150300,8444,377756,95156,OK
119.266,TraderOne,Tick,252,162,90,-92,150500,150300,8444,377756,95156,OK
119.5,TraderOne,Tick,252,162,90,-92,150500,150300,8444,377756,95156,OK
119.719,TraderOne,Tick,252,162,90,-92,150200,150100,8444,377756,86556,OK
120.031,TraderOne,Tick,252,162,90,-92,150200,150100,8444,377756,86556,OK
120.281,TraderOne,Tick,252,164,88,-90,150300,150600,8414,376786,49186,OK
120.547,TraderOne,Tick,252,164,88,-90,150300,150600,8414,376786,49186,OK
120.719,TraderOne,Tick,252,164,88,-90,150300,150600,8414,376786,49186,OK
121.0,TraderOne,Tick,252,164,88,-90,150300,150600,8414,376786,49186,OK
121.219,TraderOne,Tick,254,164,90,-92,150000,150600,8384,377016,48816,OK
121.516,TraderOne,Tick,256,164,92,-94,150400,150600,8354,377246,57646,OK
121.766,TraderOne,Tick,258,164,94,-96,150400,150600,8414,377386,57386,OK
122.016,TraderOne,Tick,260,164,96,-98,150100,150600,8474,377326,47326,OK
122.219,TraderOne,Tick,262,164,98,-100,150400,150600,8534,377466,56666,OK
122.531,TraderOne,Tick,262,164,98,-100,150400,150500,8534,377466,66666,OK
122.781,TraderOne,Tick,262,164,98,-100,150400,150500,8534,377466,66666,OK
122.953,TraderOne,Tick,262,164,98,-100,150400,150500,8534,377466,66666,OK
123.25,TraderOne,Tick,262,164,98,-100,150400,150400,8534,377466,76666,OK
123.516,TraderOne,Tick,262,164,98,-100,150400,150400,8534,377466,76666,OK
123.719,TraderOne,Tick,262,164,98,-100,150400,150400,8534,377466,76666,OK
123.969,TraderOne,Tick,262,164,98,-100,150400,150400,8534,377466,76666,OK
124.266,TraderOne,Tick,262,166,96,-100,150600,150400,8504,678496,96096,OK
124.484,TraderOne,Tick,262,166,96,-98,150600,150400,8504,377496,95896,OK
124.75,TraderOne,Tick,262,166,96,-98,150600,150400,8504,377496,95896,OK
125.062,TraderOne,Tick,262,166,96,-98,150600,150400,8504,377496,95896,OK
125.297,TraderOne,Tick,262,166,96,-98,150600,150400,8504,377496,95896,OK
125.531,TraderOne,Tick,262,166,96,-98,150400,150400,8504,377496,76696,OK
125.75,TraderOne,Tick,262,166,96,-98,150400,150400,8504,377496,76696,OK
125.969,TraderOne,Tick,262,166,96,-98,150400,150700,8504,377496,47296,OK
126.266,TraderOne,Tick,264,166,98,-100,150500,150900,8564,377636,46436,OK
126.453,TraderOne,Tick,264,166,98,-100,150500,151200,8564,377636,45836,OK
126.75,TraderOne,Tick,264,166,98,-100,150500,151000,8564,377636,46236,OK
127.047,TraderOne,Tick,264,166,98,-100,150500,151000,8564,377636,46236,OK
127.234,TraderOne,Tick,264,166,98,-100,150500,151000,8564,377636,46236,OK
127.453,TraderOne,Tick,264,166,98,-100,150500,150700,8564,377636,56636,OK
127.719,TraderOne,Tick,264,166,98,-100,150500,150400,8564,377636,86636,OK
128.016,TraderOne,Tick,264,168,96,-98,150700,150300,8534,378066,106266,OK
128.219,TraderOne,Tick,264,170,94,-96,150400,150300,8594,378006,86806,OK
128.5,TraderOne,Tick,264,170,94,-96,150400,150200,8594,378006,96406,OK
128.75,TraderOne,Tick,264,170,94,-96,150400,150200,8594,378006,96406,OK
129.047,TraderOne,Tick,264,170,94,-96,150400,150200,8594,378006,96406,OK
129.25,TraderOne,Tick,264,170,94,-96,150400,150200,8594,378006,96406,OK
129.5,TraderOne,Tick,264,172,92,-94,151000,150400,8564,378036,104836,OK
129.75,TraderOne,Tick,264,172,92,-94,151000,150400,8564,378036,104836,OK
130.0,TraderOne,Tick,264,172,92,-94,151000,150400,8564,378036,104836,OK
130.266,TraderOne,Tick,264,172,92,-94,151000,150400,8564,378036,104836,OK
130.484,TraderOne,Tick,264,172,92,-94,151000,150400,8564,378036,104836,OK
130.734,TraderOne,Tick,264,172,92,-94,151000,150400,8564,378036,104836,OK
130.969,TraderOne,Tick,264,172,92,-94,151000,150400,8564,378036,104836,OK
131.266,TraderOne,Tick,264,174,90,-92,150400,150100,8624,378176,104976,OK
131.516,TraderOne,Tick,264,176,88,-90,150400,150100,8684,378516,104716,OK
131.703,TraderOne,Tick,264,176,88,-90,150400,150100,8684,378516,104716,OK
132.047,TraderOne,Tick,264,178,86,-88,150800,150100,8744,378856,104456,OK
132.25,TraderOne,Tick,264,179,85,-87,150400,149800,8774,379026,104926,OK
132.516,TraderOne,Tick,264,179,85,-87,150400,149800,8774,379026,104926,OK
132.734,TraderOne,Tick,264,181,83,-85,149900,149600,8834,379566,96966,OK
133.0,TraderOne,Tick,264,183,81,-83,149900,149600,8894,379906,96906,OK
133.297,TraderOne,Tick,264,185,79,-81,150200,149600,8954,380046,96646,OK
133.516,TraderOne,Tick,264,187,77,-79,149900,149600,9014,380586,96786,OK
133.766,TraderOne,Tick,264,189,75,-77,149800,149500,9074,381126,97126,OK
133.984,TraderOne,Tick,264,191,73,-75,149800,149600,9134,381466,96866,OK
134.25,TraderOne,Tick,264,192,72,-74,149800,149600,9164,381536,96736,OK
134.5,TraderOne,Tick,264,192,72,-74,149800,149700,9164,381536,89336,OK
134.719,TraderOne,Tick,264,192,72,-74,149800,149700,9164,381536,89336,OK
135.047,TraderOne,Tick,264,192,72,-74,149800,149800,9164,381536,81936,OK
135.234,TraderOne,Tick,264,192,72,-74,149800,149800,9164,381536,81936,OK
135.516,TraderOne,Tick,268,194,74,-74,149300,149800,9074,83026,60826,OK
135.719,TraderOne,Tick,268,194,74,-74,149300,149900,9074,83026,60826,OK
136.016,TraderOne,Tick,268,194,74,-74,149300,149900,9074,83026,60826,OK
136.203,TraderOne,Tick,268,194,74,-74,149300,149900,9074,83026,60826,OK
136.547,TraderOne,Tick,268,194,74,-74,149300,149900,9074,83026,60826,OK
136.766,TraderOne,Tick,268,194,74,-74,149300,149800,9074,83026,60826,OK
137.016,TraderOne,Tick,268,194,74,-74,149300,149600,9074,83026,68226,OK
137.219,TraderOne,Tick,268,194,74,-74,149300,149600,9074,83026,68226,OK
137.547,TraderOne,Tick,268,194,74,-74,149300,149600,9074,83026,68226,OK
137.797,TraderOne,Tick,268,194,74,-74,149300,149300,9074,83026,83026,OK
138.0,TraderOne,Tick,268,194,74,-74,149300,149300,9074,83026,83026,OK
138.266,TraderOne,Tick,268,194,74,-74,149300,149300,9074,83026,83026,OK
138.469,TraderOne,Tick,268,194,74,-74,149300,149300,9074,83026,83026,OK
138.781,TraderOne,Tick,268,194,74,-74,149300,149100,9074,83026,97826,OK
139.0,TraderOne,Tick,268,194,74,-74,149300,149100,9074,83026,97826,OK
139.187,TraderOne,Tick,268,194,74,-74,149300,149100,9074,83026,97826,OK
139.453,TraderOne,Tick,268,194,74,-74,149300,149300,9074,83026,83026,OK
139.719,TraderOne,Tick,268,194,74,-74,149300,149300,9074,83026,83026,OK
140.016,TraderOne,Tick,268,194,74,-74,149300,149300,9074,83026,83026,OK
140.25,TraderOne,Tick,268,194,74,-74,149300,149300,9074,83026,83026,OK
140.547,TraderOne,Tick,268,196,72,-72,149800,149300,9044,83056,97456,OK
140.75,TraderOne,Tick,268,198,70,-70,149900,149300,9104,83196,97196,OK
140.969,TraderOne,Tick,268,200,68,-68,149900,149300,9164,83336,96936,OK
141.266,TraderOne,Tick,268,201,67,-67,149900,149300,9194,83606,97006,OK
141.531,TraderOne,Tick,268,201,67,-67,149900,149300,9194,83606,97006,OK
141.797,TraderOne,Tick,268,202,66,-67,150200,149500,9179,233221,96921,OK
142.047,TraderOne,Tick,268,202,66,-67,150200,149500,9179,233221,96921,OK
142.312,TraderOne,Tick,268,202,66,-67,150200,149500,9179,233221,96921,OK
142.484,TraderOne,Tick,268,202,66,-67,150200,149500,9179,233221,96921,OK
142.719,TraderOne,Tick,268,204,64,-65,150200,149500,9149,233251,96551,OK
142.953,TraderOne,Tick,268,204,64,-65,150200,149500,9149,233251,96551,OK
143.297,TraderOne,Tick,268,204,64,-65,150200,149500,9149,233251,96551,OK
143.531,TraderOne,Tick,268,204,64,-65,150200,149700,9149,233251,96351,OK
143.797,TraderOne,Tick,268,206,62,-63,150200,149700,9119,233281,95981,OK
144.016,TraderOne,Tick,270,206,64,-63,149200,149700,9089,-65689,71211,OK
144.234,TraderOne,Tick,270,206,64,-63,149200,149700,9089,-65689,71211,OK
144.531,TraderOne,Tick,272,206,66,-65,149100,149700,9059,-65459,71041,OK
144.812,TraderOne,Tick,272,206,66,-65,149100,149700,9059,-65459,71041,OK
145.047,TraderOne,Tick,272,206,66,-65,149100,149700,9059,-65459,71041,OK
145.297,TraderOne,Tick,272,206,66,-65,149100,149700,9059,-65459,71041,OK
145.562,TraderOne,Tick,272,206,66,-65,149100,149700,9059,-65459,71041,OK
145.719,TraderOne,Tick,272,206,66,-65,149100,149700,9059,-65459,71041,OK
146.016,TraderOne,Tick,272,206,66,-65,149100,149700,9059,-65459,71041,OK
146.266,TraderOne,Tick,272,206,66,-65,149100,149500,9059,-65459,70841,OK
146.516,TraderOne,Tick,272,206,66,-65,149100,149500,9059,-65459,70841,OK
146.75,TraderOne,Tick,272,206,66,-65,149100,149700,9059,-65459,71041,OK
146.969,TraderOne,Tick,272,206,66,-65,149100,149700,9059,-65459,71041,OK
147.234,TraderOne,Tick,272,206,66,-65,149100,149700,9059,-65459,71041,OK
147.547,TraderOne,Tick,272,206,66,-65,149100,149600,9059,-65459,70941,OK
147.797,TraderOne,Tick,272,206,66,-65,149100,149600,9059,-65459,70941,OK
147.984,TraderOne,Tick,272,206,66,-65,149100,149600,9059,-65459,70941,OK
148.203,TraderOne,Tick,272,206,66,-65,149100,149600,9059,-65459,70941,OK
148.516,TraderOne,Tick,272,206,66,-65,149100,149600,9059,-65459,70941,OK
148.797,TraderOne,Tick,272,206,66,-65,149100,149600,9059,-65459,70941,OK
148.953,TraderOne,Tick,272,208,64,-65,149900,149600,9029,234371,97571,OK
149.203,TraderOne,Tick,272,208,64,-65,149900,149600,9029,234371,97571,OK
149.453,TraderOne,Tick,272,208,64,-65,149900,150100,9029,234371,71471,OK
149.766,TraderOne,Tick,272,210,62,-63,150600,150100,8999,234801,103301,OK
150.0,TraderOne,Tick,272,210,62,-63,150600,150100,8999,234801,103301,OK
150.25,TraderOne,Tick,272,212,60,-61,150000,150100,8969,235231,79131,OK
150.469,TraderOne,Tick,272,214,58,-59,150000,150100,9029,235571,79671,OK
150.734,TraderOne,Tick,272,216,56,-57,150000,150100,9089,235911,80211,OK
151.0,TraderOne,Tick,272,217,55,-56,150000,150100,9119,236081,80481,OK
151.312,TraderOne,Tick,272,217,55,-56,150000,150100,9119,236081,80481,OK
151.547,TraderOne,Tick,272,217,55,-56,150000,150100,9119,236081,80481,OK
151.812,TraderOne,Tick,272,217,55,-56,150000,150100,9119,236081,80481,OK
152.016,TraderOne,Tick,272,217,55,-56,150000,150100,9119,236081,80481,OK
152.266,TraderOne,Tick,272,217,55,-56,150000,150100,9119,236081,80481,OK
152.5,TraderOne,Tick,272,217,55,-56,150000,150100,9119,236081,80481,OK
152.781,TraderOne,Tick,272,217,55,-56,150000,150100,9119,236081,80481,OK
153.016,TraderOne,Tick,272,219,53,-54,150400,150100,9089,236111,101911,OK
153.219,TraderOne,Tick,272,219,53,-54,150400,149800,9089,236111,102211,OK
153.516,TraderOne,Tick,272,219,53,-54,150400,149800,9089,236111,102211,OK
153.703,TraderOne,Tick,272,219,53,-54,150400,149800,9089,236111,102211,OK
153.953,TraderOne,Tick,272,219,53,-54,150400,150100,9089,236111,101911,OK
154.219,TraderOne,Tick,272,219,53,-54,150400,150100,9089,236111,101911,OK
154.547,TraderOne,Tick,272,219,53,-54,150400,150100,9089,236111,101911,OK
154.812,TraderOne,Tick,272,219,53,-54,150400,150100,9089,236111,101911,OK
155.031,TraderOne,Tick,272,219,53,-54,150400,150100,9089,236111,101911,OK
155.203,TraderOne,Tick,272,219,53,-54,150400,150100,9089,236111,101911,OK
155.484,TraderOne,Tick,272,219,53,-54,150400,150300,9089,236111,91111,OK
155.766,TraderOne,Tick,272,219,53,-54,150400,150300,9089,236111,91111,OK
156.047,TraderOne,Tick,272,219,53,-54,150400,150300,9089,236111,91111,OK
156.203,TraderOne,Tick,272,219,53,-54,150400,150300,9089,236111,91111,OK
156.453,TraderOne,Tick,272,219,53,-54,150400,150300,9089,236111,91111,OK
156.797,TraderOne,Tick,272,219,53,-54,150400,150300,9089,236111,91111,OK
157.0,TraderOne,Tick,272,219,53,-54,150400,150300,9089,236111,91111,OK
157.297,TraderOne,Tick,272,221,51,-52,150600,150300,9059,236341,101341,OK
157.469,TraderOne,Tick,272,221,51,-52,150600,150300,9059,236341,101341,OK
157.75,TraderOne,Tick,272,221,51,-52,150600,150300,9059,236341,101341,OK
158.016,TraderOne,Tick,272,223,49,-50,150400,150300,9029,236371,90971,OK
158.219,TraderOne,Tick,272,223,49,-50,150400,150300,9029,236371,90971,OK
158.484,TraderOne,Tick,272,225,47,-48,150500,150300,9089,236511,95611,OK
158.703,TraderOne,Tick,272,225,47,-48,150500,150300,9089,236511,95611,OK
159.016,TraderOne,Tick,272,225,47,-48,150600,150400,9089,236511,95511,OK
159.25,TraderOne,Tick,272,227,45,-46,150500,150400,9149,236651,90751,OK
159.484,TraderOne,Tick,272,229,43,-44,150500,150400,9209,236791,90691,OK
159.75,TraderOne,Tick,272,229,43,-44,150500,150400,9209,236791,90691,OK
160.0,TraderOne,Tick,272,229,43,-44,150500,150400,9209,236791,90691,OK
160.219,TraderOne,Tick,272,229,43,-44,150500,150400,9209,236791,90691,OK
160.516,TraderOne,Tick,272,229,43,-44,150600,150400,9209,236791,94991,OK
160.719,TraderOne,Tick,272,231,41,-42,150500,150200,9269,236931,99031,OK
161.031,TraderOne,Tick,272,233,39,-40,150500,150200,9329,237271,98771,OK
161.234,TraderOne,Tick,272,235,37,-38,150500,150200,9389,237611,98511,OK
161.516,TraderOne,Tick,272,237,35,-36,150500,150200,9449,237751,98051,OK
161.75,TraderOne,Tick,272,239,33,-34,150500,150200,9509,237891,97591,OK
162.0,TraderOne,Tick,272,239,33,-34,150500,150200,9509,237891,97591,OK
162.234,TraderOne,Tick,272,239,33,-34,150500,150700,9509,237891,80591,OK
162.484,TraderOne,Tick,272,239,33,-34,150800,150800,9509,237891,87091,OK
162.719,TraderOne,Tick,272,239,33,-34,150800,150800,9509,237891,87091,OK
163.0,TraderOne,Tick,272,239,33,-34,150800,150700,9509,237891,90491,OK
163.203,TraderOne,Tick,272,239,33,-34,150800,150600,9509,237891,93891,OK
163.562,TraderOne,Tick,272,239,33,-34,150800,150800,9509,237891,87091,OK
163.734,TraderOne,Tick,272,239,33,-34,150800,150800,9509,237891,87091,OK
164.031,TraderOne,Tick,274,239,35,-36,150700,151000,9569,237831,76331,OK
164.25,TraderOne,Tick,276,239,37,-38,150700,151000,9629,237971,75871,OK
164.5,TraderOne,Tick,276,239,37,-38,150700,150900,9629,237971,79671,OK
164.797,TraderOne,Tick,278,239,39,-40,150800,150900,9689,238311,83511,OK
164.969,TraderOne,Tick,278,239,39,-40,150800,151000,9689,238311,79511,OK
165.25,TraderOne,Tick,279,239,40,-41,150800,151000,9719,238381,79381,OK
165.469,TraderOne,Tick,279,241,38,-41,151300,151000,9689,540611,99011,OK
165.703,TraderOne,Tick,279,241,38,-41,151300,151000,9689,540611,99011,OK
166.016,TraderOne,Tick,279,241,38,-41,151300,151000,9689,540611,99011,OK
166.297,TraderOne,Tick,279,242,37,-40,151300,151100,9674,540826,94926,OK
166.547,TraderOne,Tick,279,242,37,-40,151300,151100,9674,540826,94926,OK
166.719,TraderOne,Tick,279,242,37,-40,151300,151100,9674,540826,94926,OK
167.0,TraderOne,Tick,279,242,37,-40,151300,151100,9674,540826,94926,OK
167.25,TraderOne,Tick,279,242,37,-40,151300,151100,9674,540826,94926,OK
167.484,TraderOne,Tick,279,242,37,-40,151300,151100,9674,540826,94926,OK
167.797,TraderOne,Tick,279,242,37,-40,151400,151100,9674,540826,98626,OK
167.984,TraderOne,Tick,279,242,37,-40,151400,151100,9674,540826,98626,OK
168.219,TraderOne,Tick,279,242,37,-40,151400,151100,9674,540826,98626,OK
168.453,TraderOne,Tick,279,242,37,-40,151400,151100,9674,540826,98626,OK
168.75,TraderOne,Tick,279,242,37,-40,151400,151100,9674,540826,98626,OK
169.016,TraderOne,Tick,279,242,37,-40,151400,151100,9674,540826,98626,OK
169.219,TraderOne,Tick,279,244,35,-38,151100,150500,9644,541056,100056,OK
169.5,TraderOne,Tick,279,244,35,-38,151100,150500,9644,541056,100056,OK
169.719,TraderOne,Tick,279,244,35,-38,151100,150800,9644,541056,99156,OK
169.969,TraderOne,Tick,279,244,35,-38,151100,150700,9644,541056,99456,OK
170.266,TraderOne,Tick,279,244,35,-38,151100,150700,9644,541056,99456,OK
170.5,TraderOne,Tick,279,244,35,-38,151100,150700,9644,541056,99456,OK
170.75,TraderOne,Tick,279,244,35,-38,151100,150500,9644,541056,100056,OK
170.953,TraderOne,Tick,279,244,35,-38,151100,150500,9644,541056,100056,OK
171.266,TraderOne,Tick,279,244,35,-38,151100,150500,9644,541056,100056,OK
171.547,TraderOne,Tick,279,244,35,-38,150400,150500,9644,541056,86056,OK
171.734,TraderOne,Tick,279,244,35,-38,150400,150500,9644,541056,86056,OK
171.953,TraderOne,Tick,279,246,33,-36,151200,150500,9614,541286,99686,OK
172.297,TraderOne,Tick,279,246,33,-36,151200,150500,9614,541286,99686,OK
172.484,TraderOne,Tick,279,246,33,-36,151200,150500,9614,541286,99686,OK
172.719,TraderOne,Tick,279,248,31,-34,151000,150500,9584,541516,99316,OK
173.0,TraderOne,Tick,279,248,31,-34,151000,150500,9584,541516,99316,OK
173.281,TraderOne,Tick,279,248,31,-34,151000,150500,9584,541516,99316,OK
173.453,TraderOne,Tick,279,248,31,-34,151000,150500,9584,541516,99316,OK
173.734,TraderOne,Tick,279,248,31,-34,151000,150500,9584,541516,99316,OK
173.969,TraderOne,Tick,279,248,31,-34,151000,150500,9584,541516,99316,OK
174.25,TraderOne,Tick,279,248,31,-34,151000,150500,9584,541516,99316,OK
174.469,TraderOne,Tick,279,248,31,-34,151000,150500,9584,541516,99316,OK
174.797,TraderOne,Tick,279,248,31,-34,151000,150600,9584,541516,99016,OK
175.0,TraderOne,Tick,279,248,31,-34,151000,150600,9584,541516,99016,OK
175.234,TraderOne,Tick,279,248,31,-34,151000,150600,9584,541516,99016,OK
175.547,TraderOne,Tick,279,248,31,-34,150800,150600,9584,541516,95916,OK
175.766,TraderOne,Tick,279,248,31,-34,150800,150600,9584,541516,95916,OK
176.047,TraderOne,Tick,279,248,31,-34,150800,150600,9584,541516,95916,OK
176.266,TraderOne,Tick,279,248,31,-34,150800,150600,9584,541516,95916,OK
176.547,TraderOne,Tick,279,248,31,-34,150800,150600,9584,541516,95916,OK
176.797,TraderOne,Tick,279,248,31,-34,150800,150600,9584,541516,95916,OK
176.984,TraderOne,Tick,279,248,31,-34,150800,150600,9584,541516,95916,OK
177.219,TraderOne,Tick,279,248,31,-34,150800,150600,9584,541516,95916,OK
177.469,TraderOne,Tick,279,250,29,-32,151200,150600,9554,541746,98646,OK
177.75,TraderOne,Tick,279,250,29,-32,151200,150300,9554,541746,99546,OK
178.0,TraderOne,Tick,279,250,29,-32,151200,150300,9554,541746,99546,OK
178.203,TraderOne,Tick,279,250,29,-32,151200,150300,9554,541746,99546,OK
178.484,TraderOne,Tick,279,250,29,-32,151200,150200,9554,541746,99846,OK
178.797,TraderOne,Tick,279,252,27,-30,150400,150200,9614,542086,96886,OK
178.953,TraderOne,Tick,279,254,25,-28,150400,150200,9674,542426,96826,OK
179.297,TraderOne,Tick,279,256,23,-26,150400,150200,9734,542766,96766,OK
179.5,TraderOne,Tick,279,256,23,-26,150400,149900,9734,542766,99966,OK
179.781,TraderOne,Tick,279,258,21,-24,150100,149900,9794,543106,97606,OK
180.062,TraderOne,Tick,279,260,19,-22,150400,149800,9854,543446,99746,OK
180.281,TraderOne,Tick,279,262,17,-20,150000,149800,9914,543786,97786,OK
180.5,TraderOne,Tick,279,264,15,-18,150000,149800,9974,543926,97526,OK
180.797,TraderOne,Tick,279,266,13,-16,150000,149900,10034,544066,95666,OK
180.969,TraderOne,Tick,279,266,13,-16,150000,149900,10034,544066,95666,OK
181.219,TraderOne,Tick,279,266,13,-16,150000,149900,10034,544066,95666,OK
181.469,TraderOne,Tick,280,266,14,-17,149700,149900,10019,544081,91581,OK
181.703,TraderOne,Tick,280,266,14,-17,149700,149900,10019,544081,91581,OK
182.016,TraderOne,Tick,280,268,12,-15,150100,149900,9989,544111,96811,OK
182.234,TraderOne,Tick,280,268,12,-15,150100,149900,9989,544111,96811,OK
182.484,TraderOne,Tick,280,268,12,-15,150100,149900,9989,544111,96811,OK
182.75,TraderOne,Tick,280,268,12,-15,150100,149900,9989,544111,96811,OK
182.984,TraderOne,Tick,280,268,12,-15,150100,149900,9989,544111,96811,OK
183.219,TraderOne,Tick,280,270,10,-13,150100,149900,10049,544251,96551,OK
183.547,TraderOne,Tick,280,272,8,-11,150100,150000,10109,544391,95191,OK
183.766,TraderOne,Tick,282,272,10,-13,149600,150000,10079,544621,91621,OK
184.062,TraderOne,Tick,284,272,12,-15,149600,150000,10049,544851,91251,OK
184.25,TraderOne,Tick,284,272,12,-15,149600,149700,10049,544851,94551,OK
184.516,TraderOne,Tick,284,272,12,-15,149600,149700,10049,544851,94551,OK
184.781,TraderOne,Tick,284,272,12,-15,149700,149700,10049,544851,95751,OK
184.984,TraderOne,Tick,286,272,14,-17,149700,150000,10109,544991,90791,OK
185.266,TraderOne,Tick,286,272,14,-17,149700,150000,10109,544991,90791,OK
185.516,TraderOne,Tick,286,272,14,-17,149700,150000,10109,544991,90791,OK
185.781,TraderOne,Tick,286,272,14,-17,149700,150000,10109,544991,90791,OK
186.016,TraderOne,Tick,286,272,14,-17,149700,150000,10109,544991,90791,OK
186.25,TraderOne,Tick,286,272,14,-17,149700,149800,10109,544991,94191,OK
186.5,TraderOne,Tick,286,272,14,-17,149600,149800,10109,544991,92791,OK
186.766,TraderOne,Tick,286,272,14,-17,149600,149800,10109,544991,92791,OK
187.016,TraderOne,Tick,286,272,14,-17,149600,149800,10109,544991,92791,OK
187.219,TraderOne,Tick,286,272,14,-17,149600,149800,10109,544991,92791,OK
187.5,TraderOne,Tick,286,272,14,-17,149600,150000,10109,544991,90791,OK
187.797,TraderOne,Tick,288,272,16,-19,149700,150000,10169,545531,90731,OK
187.953,TraderOne,Tick,290,272,18,-21,149700,150000,10229,546071,90671,OK
188.203,TraderOne,Tick,292,272,20,-23,149500,150100,10289,546611,90311,OK
188.484,TraderOne,Tick,294,272,22,-25,149700,150100,10349,547551,90651,OK
188.812,TraderOne,Tick,294,272,22,-25,149700,150100,10349,547551,90651,OK
189.016,TraderOne,Tick,294,272,22,-25,149700,150200,10349,547551,90351,OK
189.312,TraderOne,Tick,294,272,22,-25,149700,150200,10349,547551,90351,OK
189.5,TraderOne,Tick,294,272,22,-25,149700,150200,10349,547551,90351,OK
189.797,TraderOne,Tick,298,272,26,-27,150000,150200,10379,247721,92321,OK
190.0,TraderOne,Tick,300,272,28,-29,150000,150200,10439,248261,92461,OK
190.219,TraderOne,Tick,302,272,30,-31,150000,150300,10499,248801,89501,OK
190.453,TraderOne,Tick,304,272,32,-33,150000,150300,10559,248941,89041,OK
190.75,TraderOne,Tick,306,272,34,-35,150000,150300,10619,249081,88581,OK
191.016,TraderOne,Tick,308,272,36,-37,149500,150300,10589,249111,88011,OK
191.297,TraderOne,Tick,310,272,38,-39,150000,150400,10649,249451,87651,OK
191.531,TraderOne,Tick,312,272,40,-41,150000,150700,10709,250791,88091,OK
191.797,TraderOne,Tick,314,272,42,-43,150300,150800,10769,251331,87931,OK
191.969,TraderOne,Tick,316,272,44,-45,150300,150800,10829,251871,87871,OK
192.281,TraderOne,Tick,318,272,46,-47,150300,150700,10889,252211,87711,OK
192.5,TraderOne,Tick,320,272,48,-49,150200,150700,10949,252751,87651,OK
192.766,TraderOne,Tick,322,272,50,-51,150500,150700,11009,253291,92591,OK
193.0,TraderOne,Tick,324,272,52,-53,150200,150500,11069,253631,87531,OK
193.297,TraderOne,Tick,324,272,52,-53,150200,150500,11069,253631,87531,OK
193.5,TraderOne,Tick,324,272,52,-53,150200,150500,11069,253631,87531,OK
193.766,TraderOne,Tick,324,272,52,-53,150200,150500,11069,253631,87531,OK
194.016,TraderOne,Tick,324,272,52,-53,150200,150500,11069,253631,87531,OK
194.297,TraderOne,Tick,326,272,54,-55,150500,150500,11129,253971,103471,OK
194.484,TraderOne,Tick,328,272,56,-57,150500,150500,11189,254111,103611,OK
194.75,TraderOne,Tick,330,272,58,-59,150500,150500,11249,254451,103951,OK
195.016,TraderOne,Tick,330,272,58,-59,150500,150600,11249,254451,98051,OK
195.281,TraderOne,Tick,330,272,58,-59,150500,150600,11249,254451,98051,OK
195.469,TraderOne,Tick,330,272,58,-59,150500,150600,11249,254451,98051,OK
195.797,TraderOne,Tick,330,272,58,-59,150500,150600,11249,254451,98051,OK
196.047,TraderOne,Tick,330,272,58,-59,150500,150600,11249,254451,98051,OK
196.219,TraderOne,Tick,330,272,58,-59,150500,150600,11249,254451,98051,OK
196.531,TraderOne,Tick,332,272,60,-61,149800,150600,11219,254681,86081,OK
196.719,TraderOne,Tick,332,272,60,-61,149800,150100,11219,254681,86581,OK
197.016,TraderOne,Tick,332,272,60,-61,149800,150000,11219,254681,92681,OK
197.297,TraderOne,Tick,332,272,60,-61,149800,150000,11219,254681,92681,OK
197.469,TraderOne,Tick,332,272,60,-61,149800,150000,11219,254681,92681,OK
197.719,TraderOne,Tick,332,272,60,-61,149800,150000,11219,254681,92681,OK
197.969,TraderOne,Tick,332,272,60,-61,149800,149600,11219,254681,117081,OK
198.234,TraderOne,Tick,332,272,60,-61,149800,149700,11219,254681,110981,OK
198.484,TraderOne,Tick,332,272,60,-61,149800,149500,11219,254681,117181,OK
198.781,TraderOne,Tick,332,272,60,-61,149800,149500,11219,254681,117181,OK
199.016,TraderOne,Tick,332,272,60,-61,149800,149500,11219,254681,117181,OK
199.266,TraderOne,Tick,332,272,60,-61,149800,149500,11219,254681,117181,OK
199.562,TraderOne,Tick,332,272,60,-61,149800,149500,11219,254681,117181,OK
199.719,TraderOne,Tick,332,272,60,-61,149800,149500,11219,254681,117181,OK
199.984,TraderOne,Tick,332,272,60,-61,149800,149500,11219,254681,117181,OK
200.266,TraderOne,Tick,332,272,60,-61,149800,149600,11219,254681,117081,OK
200.484,TraderOne,Tick,332,274,58,-59,149900,149600,11189,254711,116711,OK
200.719,TraderOne,Tick,332,274,58,-59,149900,149600,11189,254711,116711,OK
201.016,TraderOne,Tick,332,274,58,-59,149900,149600,11189,254711,116711,OK
201.281,TraderOne,Tick,332,276,56,-57,149900,149800,11159,254741,110541,OK
201.516,TraderOne,Tick,332,276,56,-57,149900,149800,11159,254741,110541,OK
201.812,TraderOne,Tick,334,276,58,-59,149400,150000,11129,255371,87971,OK
202.047,TraderOne,Tick,334,276,58,-59,149400,150000,11129,255371,87971,OK
202.25,TraderOne,Tick,334,276,58,-59,149400,150200,11129,255371,87771,OK
202.484,TraderOne,Tick,334,276,58,-59,149400,150200,11129,255371,87771,OK
202.719,TraderOne,Tick,334,276,58,-59,149400,150600,11129,255371,87371,OK
203.016,TraderOne,Tick,334,276,58,-59,149400,150600,11129,255371,87371,OK
203.219,TraderOne,Tick,334,276,58,-59,149400,150600,11129,255371,87371,OK
203.516,TraderOne,Tick,334,276,58,-59,149400,150600,11129,255371,87371,OK
203.734,TraderOne,Tick,334,276,58,-59,149400,150600,11129,255371,87371,OK
203.969,TraderOne,Tick,334,276,58,-59,149400,150600,11129,255371,87371,OK
204.219,TraderOne,Tick,336,276,60,-61,150400,150600,11099,255401,92801,OK
204.547,TraderOne,Tick,338,276,62,-63,150100,150600,11159,255741,86541,OK
204.781,TraderOne,Tick,340,276,64,-65,150100,150600,11219,256281,86481,OK
205.016,TraderOne,Tick,342,276,66,-67,149700,150100,11189,256311,86411,OK
205.219,TraderOne,Tick,342,276,66,-67,149700,149700,11189,256311,106611,OK
205.516,TraderOne,Tick,342,278,64,-65,150400,149700,11159,256541,119641,OK
205.781,TraderOne,Tick,342,278,64,-65,150400,149700,11159,256541,119641,OK
205.953,TraderOne,Tick,342,278,64,-65,150400,149800,11159,256541,125941,OK
206.266,TraderOne,Tick,342,280,62,-63,150300,149800,11129,256571,125371,OK
206.547,TraderOne,Tick,342,280,62,-63,150300,149800,11129,256571,125371,OK
206.797,TraderOne,Tick,342,280,62,-63,150300,149800,11129,256571,125371,OK
206.953,TraderOne,Tick,342,280,62,-63,150300,149800,11129,256571,125371,OK
207.203,TraderOne,Tick,342,280,62,-63,150300,149800,11129,256571,125371,OK
207.5,TraderOne,Tick,342,280,62,-63,150300,149800,11129,256571,125371,OK
207.797,TraderOne,Tick,342,280,62,-63,150300,149800,11129,256571,125371,OK
208.016,TraderOne,Tick,342,280,62,-63,150300,149800,11129,256571,125371,OK
208.266,TraderOne,Tick,344,280,64,-65,149200,149800,11099,256601,87601,OK
208.516,TraderOne,Tick,344,280,64,-65,149800,149800,11099,256601,106801,OK
208.719,TraderOne,Tick,344,280,64,-65,149800,149800,11099,256601,106801,OK
208.953,TraderOne,Tick,344,280,64,-65,149800,149800,11099,256601,106801,OK
209.297,TraderOne,Tick,344,280,64,-65,149800,149800,11099,256601,106801,OK
209.453,TraderOne,Tick,344,280,64,-65,149800,149800,11099,256601,106801,OK
209.766,TraderOne,Tick,344,282,62,-63,150300,149800,11069,256831,125631,OK
210.016,TraderOne,Tick,344,282,62,-63,150300,149800,11069,256831,125631,OK
210.297,TraderOne,Tick,344,282,62,-63,150300,149800,11069,256831,125631,OK
210.547,TraderOne,Tick,344,282,62,-63,150300,149800,11069,256831,125631,OK
210.734,TraderOne,Tick,344,282,62,-63,150300,149800,11069,256831,125631,OK
211.047,TraderOne,Tick,344,284,60,-61,150400,149900,11039,257061,125161,OK
211.234,TraderOne,Tick,344,286,58,-59,150200,149900,11099,257601,125101,OK
211.469,TraderOne,Tick,344,288,56,-57,150200,149900,11159,258141,125041,OK
211.812,TraderOne,Tick,344,290,54,-55,150200,149600,11219,258681,119881,OK
212.047,TraderOne,Tick,346,290,56,-57,149100,149600,11189,258911,98111,OK
212.25,TraderOne,Tick,346,290,56,-57,149100,149700,11189,258911,98011,OK
212.469,TraderOne,Tick,346,290,56,-57,149100,149700,11189,258911,98011,OK
212.766,TraderOne,Tick,346,292,54,-55,150200,149700,11159,259341,120441,OK
213.0,TraderOne,Tick,346,292,54,-55,150200,149700,11159,259341,120441,OK
213.219,TraderOne,Tick,346,292,54,-55,150200,149300,11159,259341,120841,OK
213.516,TraderOne,Tick,346,292,54,-55,150200,149300,11159,259341,120841,OK
213.75,TraderOne,Tick,346,292,54,-55,150200,149300,11159,259341,120841,OK
214.0,TraderOne,Tick,346,292,54,-55,150200,149300,11159,259341,120841,OK
214.281,TraderOne,Tick,346,292,54,-55,150200,149300,11159,259341,120841,OK
214.484,TraderOne,Tick,346,292,54,-55,150200,149300,11159,259341,120841,OK
214.781,TraderOne,Tick,346,292,54,-55,150200,149600,11159,259341,120541,OK
215.016,TraderOne,Tick,346,292,54,-55,150200,149600,11159,259341,120541,OK
215.25,TraderOne,Tick,346,292,54,-55,150200,149600,11159,259341,120541,OK
215.484,TraderOne,Tick,346,292,54,-55,150200,149600,11159,259341,120541,OK
215.766,TraderOne,Tick,346,292,54,-55,150200,149600,11159,259341,120541,OK
215.969,TraderOne,Tick,348,292,56,-55,149100,149600,11129,-39029,99371,OK
216.266,TraderOne,Tick,348,292,56,-57,149100,149400,11129,259571,98971,OK
216.5,TraderOne,Tick,348,292,56,-57,149100,149400,11129,259571,98971,OK
216.75,TraderOne,Tick,348,292,56,-57,149100,150000,11129,259571,92771,OK
217.016,TraderOne,Tick,350,292,58,-59,149100,150000,11189,259911,92511,OK
217.312,TraderOne,Tick,352,292,60,-61,149500,150000,11249,260651,92651,OK
217.547,TraderOne,Tick,354,292,62,-63,149500,150100,11309,261391,92691,OK
217.75,TraderOne,Tick,356,292,64,-65,149700,150100,11369,262131,92831,OK
218.047,TraderOne,Tick,358,292,66,-67,149700,149900,11429,262871,99771,OK
218.234,TraderOne,Tick,360,292,68,-69,149700,149900,11489,263211,99711,OK
218.469,TraderOne,Tick,362,292,70,-71,149700,149900,11549,263551,99651,OK
218.766,TraderOne,Tick,364,292,72,-73,149700,149900,11609,263891,99591,OK
219.047,TraderOne,Tick,365,294,71,-72,150500,149900,11609,264291,135691,OK
219.219,TraderOne,Tick,365,294,71,-72,150500,149900,11609,264291,135691,OK
219.484,TraderOne,Tick,365,296,69,-70,150400,149900,11579,264521,135321,OK
219.812,TraderOne,Tick,365,296,69,-70,150400,149900,11579,264521,135321,OK
220.0,TraderOne,Tick,365,298,67,-68,150500,149900,11549,264751,134951,OK
220.281,TraderOne,Tick,365,298,67,-68,150500,149900,11549,264751,134951,OK
220.547,TraderOne,Tick,365,298,67,-68,150500,149900,11549,264751,134951,OK
220.75,TraderOne,Tick,365,298,67,-68,150500,150000,11549,264751,134851,OK
220.984,TraderOne,Tick,365,300,65,-66,150500,150000,11519,264981,134481,OK
221.203,TraderOne,Tick,365,300,65,-66,150500,150000,11519,264981,134481,OK
221.484,TraderOne,Tick,365,300,65,-66,150500,150100,11519,264981,134381,OK
221.75,TraderOne,Tick,365,300,65,-66,150500,150100,11519,264981,134381,OK
222.047,TraderOne,Tick,365,300,65,-66,150500,150100,11519,264981,134381,OK
222.234,TraderOne,Tick,365,300,65,-66,150500,150100,11519,264981,134381,OK
222.469,TraderOne,Tick,365,300,65,-66,150500,150100,11519,264981,134381,OK
222.734,TraderOne,Tick,367,300,67,-68,149500,150100,11489,265411,95211,OK
223.0,TraderOne,Tick,367,300,67,-68,149500,150000,11489,265411,95311,OK
223.266,TraderOne,Tick,367,300,67,-68,149500,150000,11489,265411,95311,OK
223.516,TraderOne,Tick,367,300,67,-68,149500,150000,11489,265411,95311,OK
223.766,TraderOne,Tick,367,302,65,-66,150200,150000,11459,265441,128441,OK
223.969,TraderOne,Tick,367,304,63,-64,150400,150000,11519,265781,134681,OK
224.219,TraderOne,Tick,367,306,61,-62,150400,150000,11579,266521,134821,OK
224.547,TraderOne,Tick,367,308,59,-60,150400,150000,11639,267261,134961,OK
224.766,TraderOne,Tick,367,310,57,-58,150400,149800,11699,268201,135501,OK
225.0,TraderOne,Tick,367,312,55,-56,150100,149400,11759,269341,130941,OK
225.219,TraderOne,Tick,367,312,55,-56,150100,149500,11759,269341,130841,OK
225.516,TraderOne,Tick,367,312,55,-56,150100,149500,11759,269341,130841,OK
225.719,TraderOne,Tick,367,312,55,-56,150100,149500,11759,269341,130841,OK
226.047,TraderOne,Tick,369,312,57,-58,149300,149500,11729,269571,108671,OK
226.297,TraderOne,Tick,369,312,57,-58,149300,149500,11729,269571,108671,OK
226.469,TraderOne,Tick,369,312,57,-58,149300,149500,11729,269571,108671,OK
226.812,TraderOne,Tick,369,314,55,-56,150300,149500,11699,269401,130901,OK
227.0,TraderOne,Tick,369,314,55,-56,150300,149500,11699,269401,130901,OK
227.297,TraderOne,Tick,369,314,55,-56,150300,149500,11699,269401,130901,OK
227.516,TraderOne,Tick,369,314,55,-56,150300,150200,11699,269401,124701,OK
227.719,TraderOne,Tick,369,314,55,-56,150300,150200,11699,269401,124701,OK
227.984,TraderOne,Tick,369,314,55,-56,150300,150800,11699,269401,102101,OK
228.266,TraderOne,Tick,371,314,57,-58,150500,150600,11759,269741,113441,OK
228.516,TraderOne,Tick,373,314,59,-60,150500,150600,11819,270081,113581,OK
228.766,TraderOne,Tick,374,314,60,-61,150500,150600,11849,270151,113551,OK
229.0,TraderOne,Tick,376,314,62,-63,150100,150600,11819,270581,101381,OK
229.25,TraderOne,Tick,378,314,64,-65,150600,150600,11879,270721,120121,OK
229.469,TraderOne,Tick,380,314,66,-67,150600,150600,11939,270861,120261,OK
229.75,TraderOne,Tick,382,314,68,-69,150600,150600,11999,271001,120401,OK
230.016,TraderOne,Tick,384,314,70,-71,150600,150600,12059,271141,120541,OK
230.25,TraderOne,Tick,386,314,72,-73,150600,150700,12119,271281,113381,OK
230.5,TraderOne,Tick,388,314,74,-75,150600,150700,12179,271421,113321,OK
230.766,TraderOne,Tick,388,314,74,-75,150600,150700,12179,271421,113321,OK
230.969,TraderOne,Tick,390,314,76,-77,150600,150700,12239,271561,113261,OK
231.266,TraderOne,Tick,392,314,78,-79,150600,150700,12299,271701,113201,OK
231.469,TraderOne,Tick,394,314,80,-81,150600,150700,12359,271841,113141,OK
231.734,TraderOne,Tick,396,314,82,-83,150600,150700,12419,271981,113081,OK
231.953,TraderOne,Tick,396,314,82,-83,150600,150700,12419,271981,113081,OK
232.219,TraderOne,Tick,396,314,82,-83,150600,150700,12419,271981,113081,OK
232.453,TraderOne,Tick,398,314,84,-85,150600,150700,12479,272121,113021,OK
232.719,TraderOne,Tick,400,314,86,-87,150600,150700,12539,272461,113161,OK
232.984,TraderOne,Tick,402,314,88,-89,150600,150700,12599,272801,113301,OK
233.266,TraderOne,Tick,404,314,90,-91,150600,151100,12659,273541,95441,OK
233.5,TraderOne,Tick,406,314,92,-93,150600,151100,12719,274281,95581,OK
233.75,TraderOne,Tick,408,314,94,-95,150600,151100,12779,275021,95721,OK
234.0,TraderOne,Tick,410,314,96,-97,150600,151100,12839,275761,95861,OK
234.312,TraderOne,Tick,412,314,98,-99,150600,151200,12899,276501,95901,OK
234.516,TraderOne,Tick,412,314,98,-99,150700,151200,12899,276501,95901,OK
234.75,TraderOne,Tick,412,314,98,-99,150700,151200,12899,276501,95901,OK
234.969,TraderOne,Tick,412,314,98,-99,150800,151200,12899,276501,95901,OK
235.219,TraderOne,Tick,412,314,98,-99,150900,151500,12899,276501,95601,OK
235.516,TraderOne,Tick,412,314,98,-99,150900,151500,12899,276501,95601,OK
235.766,TraderOne,Tick,412,314,98,-99,151100,151600,12899,276501,95501,OK
235.953,TraderOne,Tick,412,314,98,-99,151100,151600,12899,276501,95501,OK
236.266,TraderOne,Tick,412,314,98,-99,151100,151600,12899,276501,95501,OK
236.484,TraderOne,Tick,412,314,98,-99,151000,151600,12899,276501,95501,OK
236.781,TraderOne,Tick,412,314,98,-99,151200,151600,12899,276501,95501,OK
236.969,TraderOne,Tick,412,314,98,-99,151000,151600,12899,276501,95501,OK
237.203,TraderOne,Tick,412,314,98,-99,151000,151600,12899,276501,95501,OK
237.469,TraderOne,Tick,412,314,98,-99,151000,151700,12899,276501,95401,OK
237.766,TraderOne,Tick,412,314,98,-99,151000,151700,12899,276501,95401,OK
237.969,TraderOne,Tick,412,314,98,-99,151000,151700,12899,276501,95401,OK
238.219,TraderOne,Tick,412,314,98,-99,151000,151700,12899,276501,95401,OK
238.516,TraderOne,Tick,412,314,98,-99,151000,151700,12899,276501,95401,OK
238.734,TraderOne,Tick,412,314,98,-99,151000,151700,12899,276501,95401,OK
239.0,TraderOne,Tick,412,314,98,-99,151000,151700,12899,276501,95401,OK
239.266,TraderOne,Tick,412,314,98,-99,151000,151500,12899,276501,95601,OK
239.547,TraderOne,Tick,412,314,98,-99,151300,151500,12899,276501,105401,OK
239.766,TraderOne,Tick,412,314,98,-99,151300,151500,12899,276501,105401,OK
240.016,TraderOne,Tick,412,314,98,-99,151300,151500,12899,276501,105401,OK
240.203,TraderOne,Tick,412,314,98,-99,151300,151400,12899,276501,115301,OK
240.562,TraderOne,Tick,412,314,98,-99,151400,151400,12899,276501,125101,OK
240.797,TraderOne,Tick,412,314,98,-99,151400,151500,12899,276501,115201,OK
240.969,TraderOne,Tick,412,314,98,-99,151400,151500,12899,276501,115201,OK
241.25,TraderOne,Tick,412,314,98,-99,151400,151500,12899,276501,115201,OK
241.5,TraderOne,Tick,412,314,98,-99,151400,151500,12899,276501,115201,OK
241.719,TraderOne,Tick,412,314,98,-99,151400,151500,12899,276501,115201,OK
242.016,TraderOne,Tick,412,314,98,-99,150900,151300,12899,276501,95801,OK
242.312,TraderOne,Tick,412,314,98,-99,150800,151300,12899,276501,95801,OK
242.516,TraderOne,Tick,412,314,98,-99,150800,151300,12899,276501,95801,OK
242.75,TraderOne,Tick,412,314,98,-99,150800,151300,12899,276501,95801,OK
242.984,TraderOne,Tick,412,314,98,-99,150800,151300,12899,276501,95801,OK
243.25,TraderOne,Tick,412,314,98,-99,150800,151300,12899,276501,95801,OK
243.547,TraderOne,Tick,412,314,98,-99,150800,151300,12899,276501,95801,OK
243.719,TraderOne,Tick,412,314,98,-99,150800,151300,12899,276501,95801,OK
244.047,TraderOne,Tick,412,314,98,-99,150800,151500,12899,276501,95601,OK
244.312,TraderOne,Tick,412,314,98,-99,150800,151500,12899,276501,95601,OK
244.516,TraderOne,Tick,412,314,98,-99,150800,151500,12899,276501,95601,OK
244.766,TraderOne,Tick,412,314,98,-99,150800,151500,12899,276501,95601,OK
244.953,TraderOne,Tick,412,314,98,-99,150800,151500,12899,276501,95601,OK
245.281,TraderOne,Tick,412,314,98,-99,150800,151600,12899,276501,95501,OK
245.531,TraderOne,Tick,412,314,98,-99,150800,151600,12899,276501,95501,OK
245.781,TraderOne,Tick,412,314,98,-99,151400,151800,12899,276501,95301,OK
246.031,TraderOne,Tick,412,314,98,-99,151400,151800,12899,276501,95301,OK
246.312,TraderOne,Tick,412,314,98,-99,151400,151800,12899,276501,95301,OK
246.453,TraderOne,Tick,412,314,98,-99,151400,151800,12899,276501,95301,OK
246.734,TraderOne,Tick,412,314,98,-99,151400,151800,12899,276501,95301,OK
247.047,TraderOne,Tick,412,314,98,-99,151400,152100,12899,276501,95001,OK
247.219,TraderOne,Tick,412,314,98,-99,151700,152100,12899,276501,95001,OK
247.547,TraderOne,Tick,412,314,98,-99,151700,152100,12899,276501,95001,OK
247.766,TraderOne,Tick,412,314,98,-99,151400,152100,12899,276501,95001,OK
248.0,TraderOne,Tick,412,314,98,-99,151400,152100,12899,276501,95001,OK
248.266,TraderOne,Tick,412,314,98,-99,151500,152100,12899,276501,95001,OK
248.453,TraderOne,Tick,412,314,98,-99,151500,152100,12899,276501,95001,OK
248.781,TraderOne,Tick,412,314,98,-99,151500,152100,12899,276501,95001,OK
248.984,TraderOne,Tick,412,314,98,-99,151800,152100,12899,276501,95001,OK
249.234,TraderOne,Tick,412,314,98,-99,151800,152500,12899,276501,94601,OK
249.469,TraderOne,Tick,412,314,98,-99,152000,152900,12899,276501,94201,OK
249.766,TraderOne,Tick,412,314,98,-99,152400,152600,12899,276501,104301,OK
249.953,TraderOne,Tick,412,314,98,-99,152400,152700,12899,276501,94401,OK
250.219,TraderOne,Tick,412,314,98,-99,152400,152700,12899,276501,94401,OK
250.531,TraderOne,Tick,412,314,98,-99,152600,152700,12899,276501,114001,OK
250.781,TraderOne,Tick,412,314,98,-99,152600,152700,12899,276501,114001,OK
251.0,TraderOne,Tick,412,314,98,-99,152600,152700,12899,276501,114001,OK
251.266,TraderOne,Tick,412,314,98,-99,152000,152500,12899,276501,94601,OK
251.484,TraderOne,Tick,412,314,98,-99,152000,152600,12899,276501,94501,OK
251.75,TraderOne,Tick,412,314,98,-99,152000,152500,12899,276501,94601,OK
252.031,TraderOne,Tick,412,314,98,-99,152000,152500,12899,276501,94601,OK
252.266,TraderOne,Tick,412,314,98,-99,152000,152500,12899,276501,94601,OK
